{"count":1,"self":4987.6226048,"total":17653.233365199998,"children":{"InitializeActuators":{"count":4,"self":0.0039907,"total":0.0039907,"children":null},"InitializeSensors":{"count":4,"self":0.0039889999999999995,"total":0.0039889999999999995,"children":null},"AgentSendState":{"count":3559851,"self":50.2737152,"total":521.896397,"children":{"CollectObservations":{"count":3559852,"self":175.1788416,"total":175.1788368,"children":null},"WriteActionMask":{"count":3559852,"self":8.3806952,"total":8.3806951,"children":null},"RequestDecision":{"count":3559852,"self":27.2729824,"total":288.0631499,"children":{"AgentInfo.ToProto":{"count":3559852,"self":25.259153599999998,"total":260.79016659999996,"children":{"GenerateSensorData":{"count":3559852,"self":235.53100799999999,"total":235.53101279999998,"children":null}}}}}}},"DecideAction":{"count":3559851,"self":11730.6957824,"total":11730.6956849,"children":null},"AgentAct":{"count":3559851,"self":412.764416,"total":412.99562779999997,"children":{"AgentInfo.ToProto":{"count":2737,"self":0.034961599999999995,"total":0.2312173,"children":{"GenerateSensorData":{"count":2737,"self":0.19625569999999998,"total":0.19625569999999998,"children":null}}}}},"AgentInfo.ToProto":{"count":115,"self":0.0019946,"total":0.0109679,"children":{"GenerateSensorData":{"count":115,"self":0.0089733,"total":0.0089733,"children":null}}}},"gauges":{"Boomber_10X10.CumulativeReward":{"count":2852,"max":137.876282,"min":-218.095474,"runningAverage":70.0751953,"value":86.10214,"weightedAverage":88.66783}},"metadata":{"timer_format_version":"0.1.0","start_time_seconds":"1631170852","unity_version":"2020.3.14f1","command_line_arguments":"C:\\Program Files\\Unity\\Editor\\Unity.exe -projectpath G:\/university\/final Project\/maze\/maze -useHub -hubIPC -cloudEnvironment production -hubSessionId 8b3922b0-10e7-11ec-8a88-bd6240a1371d","communication_protocol_version":"1.5.0","com.unity.ml-agents_version":"1.9.1-preview","scene_name":"boomber","end_time_seconds":"1631188505"}}