{"count":1,"self":548.35968,"total":1053.1915551,"children":{"InitializeActuators":{"count":12,"self":0.0039872,"total":0.0039872,"children":null},"InitializeSensors":{"count":12,"self":0.0029881,"total":0.0029881,"children":null},"AgentSendState":{"count":302184,"self":3.5574019999999997,"total":86.070834699999992,"children":{"CollectObservations":{"count":181320,"self":64.7376512,"total":64.7376506,"children":null},"WriteActionMask":{"count":181320,"self":0.4663438,"total":0.4663438,"children":null},"RequestDecision":{"count":181320,"self":1.5052657999999999,"total":17.309438399999998,"children":{"AgentInfo.ToProto":{"count":181320,"self":1.1921572999999999,"total":15.8041726,"children":{"GenerateSensorData":{"count":181320,"self":14.612015999999999,"total":14.6120153,"children":null}}}}}}},"DecideAction":{"count":302184,"self":345.3335808,"total":345.3335919,"children":null},"AgentAct":{"count":302184,"self":73.3297536,"total":73.418471099999991,"children":{"AgentInfo.ToProto":{"count":720,"self":0.013953199999999999,"total":0.088717499999999991,"children":{"GenerateSensorData":{"count":720,"self":0.074764299999999992,"total":0.074764299999999992,"children":null}}}}}},"gauges":{"Boomber_10X10.CumulativeReward":{"count":720,"max":402.501221,"min":239.999344,"runningAverage":345.576416,"value":379.101318,"weightedAverage":353.988831}},"metadata":{"timer_format_version":"0.1.0","start_time_seconds":"1631790692","unity_version":"2020.3.14f1","command_line_arguments":"C:\\Program Files\\Unity\\Editor\\Unity.exe -projectpath G:\/university\/final Project\/maze\/maze -useHub -hubIPC -cloudEnvironment production -hubSessionId 9fa104b0-1674-11ec-b765-292da3a3e092","communication_protocol_version":"1.5.0","com.unity.ml-agents_version":"1.9.1-preview","scene_name":"boomber","end_time_seconds":"1631791745"}}