{"count":1,"self":5677.1026944,"total":12056.4335894,"children":{"InitializeActuators":{"count":22,"self":0.0039917,"total":0.0039917,"children":null},"InitializeSensors":{"count":22,"self":0.0029958,"total":0.0029958,"children":null},"AgentSendState":{"count":2757451,"self":51.613535999999996,"total":1344.1355174999999,"children":{"CollectObservations":{"count":3033206,"self":976.3899392,"total":976.3899802,"children":null},"WriteActionMask":{"count":3033206,"self":8.6827975999999989,"total":8.6827974,"children":null},"RequestDecision":{"count":3033206,"self":24.334016,"total":307.4492039,"children":{"AgentInfo.ToProto":{"count":3033206,"self":22.512192,"total":283.1151882,"children":{"GenerateSensorData":{"count":3033206,"self":260.603008,"total":260.6029962,"children":null}}}}}}},"DecideAction":{"count":2757451,"self":4373.8177535999994,"total":4373.8177670999994,"children":null},"AgentAct":{"count":2757451,"self":660.3991552,"total":660.4021378,"children":{"AgentInfo.ToProto":{"count":19,"self":0,"total":0.0029939999999999997,"children":{"GenerateSensorData":{"count":19,"self":0.0029939999999999997,"total":0.0029939999999999997,"children":null}}}}},"AgentInfo.ToProto":{"count":8360,"self":0.1187854,"total":0.966622,"children":{"GenerateSensorData":{"count":8360,"self":0.84783659999999994,"total":0.84783659999999994,"children":null}}}},"gauges":{"Boomber_10X10.CumulativeReward":{"count":8379,"max":528.999,"min":-112.60363,"runningAverage":507.456329,"value":518.1986,"weightedAverage":509.154}},"metadata":{"timer_format_version":"0.1.0","start_time_seconds":"1632693523","unity_version":"2020.3.14f1","command_line_arguments":"C:\\Program Files\\Unity\\Editor\\Unity.exe -projectpath G:\/university\/final Project\/maze\/maze -useHub -hubIPC -cloudEnvironment production -hubSessionId bf21f9b0-1f12-11ec-b82d-314e3a1156b9","communication_protocol_version":"1.5.0","com.unity.ml-agents_version":"1.9.1-preview","scene_name":"boomberTrain","end_time_seconds":"1632705579"}}