{"count":1,"self":26.4580576,"total":40.440126899999996,"children":{"InitializeActuators":{"count":15,"self":0.0029890999999999997,"total":0.0029890999999999997,"children":null},"InitializeSensors":{"count":15,"self":0.0029919,"total":0.0029919,"children":null},"AgentSendState":{"count":3334,"self":0.0290102,"total":0.21747709999999998,"children":{"CollectObservations":{"count":1983,"self":0.040117599999999996,"total":0.040117599999999996,"children":null},"WriteActionMask":{"count":1983,"self":0.0050068,"total":0.0050068,"children":null},"RequestDecision":{"count":1983,"self":0.019069799999999998,"total":0.14334249999999998,"children":{"AgentInfo.ToProto":{"count":1983,"self":0.0190929,"total":0.1242727,"children":{"GenerateSensorData":{"count":1983,"self":0.10517979999999999,"total":0.10517979999999999,"children":null}}}}}}},"DecideAction":{"count":3334,"self":13.211832,"total":13.2118319,"children":null},"AgentAct":{"count":3334,"self":0.472861,"total":0.5447839,"children":{"AgentInfo.ToProto":{"count":1205,"self":0.0049867,"total":0.0719229,"children":{"GenerateSensorData":{"count":1205,"self":0.0669362,"total":0.0669362,"children":null}}}}}},"gauges":{"Boomber_10X10.CumulativeReward":{"count":1205,"max":-5.5666666,"min":-108.133331,"runningAverage":-9.286995,"value":-6.16666651,"weightedAverage":-6.41754246}},"metadata":{"timer_format_version":"0.1.0","start_time_seconds":"1630935762","unity_version":"2020.3.14f1","command_line_arguments":"C:\\Program Files\\Unity\\Editor\\Unity.exe -projectpath G:\/university\/final Project\/maze\/maze -useHub -hubIPC -cloudEnvironment production -hubSessionId 4ad5de70-0f16-11ec-a26f-69d9220f448a","communication_protocol_version":"1.5.0","com.unity.ml-agents_version":"1.9.1-preview","scene_name":"boomber","end_time_seconds":"1630935802"}}