{"count":1,"self":11.696895999999999,"total":57.361661899999994,"children":{"InitializeActuators":{"count":15,"self":0.0039892,"total":0.0039892,"children":null},"InitializeSensors":{"count":15,"self":0.0029552999999999997,"total":0.0029552999999999997,"children":null},"AgentSendState":{"count":6934,"self":0.0866532,"total":0.4628979,"children":{"CollectObservations":{"count":5205,"self":0.086418899999999993,"total":0.086418899999999993,"children":null},"WriteActionMask":{"count":5205,"self":0.012058099999999999,"total":0.012058099999999999,"children":null},"RequestDecision":{"count":5205,"self":0.038155999999999995,"total":0.2777677,"children":{"AgentInfo.ToProto":{"count":5205,"self":0.030173199999999997,"total":0.23961169999999998,"children":{"GenerateSensorData":{"count":5205,"self":0.2094385,"total":0.2094385,"children":null}}}}}}},"DecideAction":{"count":6934,"self":44.782361599999994,"total":44.7823621,"children":null},"AgentAct":{"count":6934,"self":0.2039057,"total":0.4115643,"children":{"AgentInfo.ToProto":{"count":3756,"self":0.0139408,"total":0.2076586,"children":{"GenerateSensorData":{"count":3756,"self":0.1937178,"total":0.1937178,"children":null}}}}}},"gauges":{"My Behavior.CumulativeReward":{"count":3756,"max":93.5,"min":-19.3333359,"runningAverage":-6.148269,"value":-6.16666651,"weightedAverage":-6.166667}},"metadata":{"timer_format_version":"0.1.0","start_time_seconds":"1630905610","unity_version":"2020.3.14f1","command_line_arguments":"C:\\Program Files\\Unity\\Editor\\Unity.exe -projectpath G:\/university\/final Project\/maze\/maze -useHub -hubIPC -cloudEnvironment production -hubSessionId d9480e40-0ecf-11ec-9b13-eb8f21957b26","communication_protocol_version":"1.5.0","com.unity.ml-agents_version":"1.9.1-preview","scene_name":"boomber","end_time_seconds":"1630905667"}}