{"count":1,"self":58.3316224,"total":58.4838599,"children":{"InitializeActuators":{"count":1,"self":0.003953,"total":0.003953,"children":null},"InitializeSensors":{"count":1,"self":0.0019955999999999997,"total":0.0019955999999999997,"children":null},"AgentSendState":{"count":2648,"self":0.0766984,"total":0.095564299999999991,"children":{"CollectObservations":{"count":184,"self":0.010922699999999999,"total":0.010922699999999999,"children":null},"WriteActionMask":{"count":184,"self":0.0030004999999999997,"total":0.0030004999999999997,"children":null},"RequestDecision":{"count":184,"self":0.0049426999999999995,"total":0.0049426999999999995,"children":null}}},"DecideAction":{"count":2648,"self":0.038803199999999996,"total":0.038803199999999996,"children":null},"AgentAct":{"count":2648,"self":0.0109223,"total":0.0109223,"children":null}},"gauges":{"MazeSolver_10X10.CumulativeReward":{"count":6,"max":291.899963,"min":274.5999,"runningAverage":286.549927,"value":274.5999,"weightedAverage":284.547974}},"metadata":{"timer_format_version":"0.1.0","start_time_seconds":"1631873167","unity_version":"2020.3.14f1","command_line_arguments":"C:\\Program Files\\Unity\\Editor\\Unity.exe -projectpath G:\/university\/final Project\/maze\/maze -useHub -hubIPC -cloudEnvironment production -hubSessionId 55f712e0-1779-11ec-9852-85d47ca09807","communication_protocol_version":"1.5.0","com.unity.ml-agents_version":"1.9.1-preview","scene_name":"gailTest10X10","end_time_seconds":"1631873225"}}