{"count":1,"self":3831.8198783999997,"total":5266.9337084,"children":{"InitializeActuators":{"count":15,"self":0.0039918,"total":0.0039918,"children":null},"InitializeSensors":{"count":15,"self":0.0039977,"total":0.0039977,"children":null},"AgentSendState":{"count":925617,"self":10.6799032,"total":231.4268066,"children":{"CollectObservations":{"count":601981,"self":180.81041919999998,"total":180.81041449999998,"children":null},"WriteActionMask":{"count":601981,"self":1.5403886999999998,"total":1.5403886999999998,"children":null},"RequestDecision":{"count":601981,"self":4.5361536,"total":38.396099899999996,"children":{"AgentInfo.ToProto":{"count":601981,"self":3.9089039999999997,"total":33.8599464,"children":{"GenerateSensorData":{"count":601981,"self":29.951043199999997,"total":29.951042599999997,"children":null}}}}}}},"DecideAction":{"count":925617,"self":1075.1946752,"total":1075.1947012,"children":null},"AgentAct":{"count":925617,"self":127.41730559999999,"total":127.46804909999999,"children":{"AgentInfo.ToProto":{"count":889,"self":0.011998799999999999,"total":0.050745099999999994,"children":{"GenerateSensorData":{"count":889,"self":0.0387463,"total":0.0387463,"children":null}}}}},"AgentInfo.ToProto":{"count":13354,"self":0.18825139999999999,"total":1.0162318,"children":{"GenerateSensorData":{"count":13354,"self":0.8279804,"total":0.8279804,"children":null}}}},"gauges":{"MazeSolver_10X10.CumulativeReward":{"count":14241,"max":298.8,"min":-122.5001,"runningAverage":269.5133,"value":287.3999,"weightedAverage":283.693726}},"metadata":{"timer_format_version":"0.1.0","start_time_seconds":"1631617743","unity_version":"2020.3.14f1","command_line_arguments":"C:\\Program Files\\Unity\\Editor\\Unity.exe -projectpath G:\/university\/final Project\/maze\/maze -useHub -hubIPC -cloudEnvironment production -hubSessionId 0efa9c80-145a-11ec-b16d-0d4e4f04787f","communication_protocol_version":"1.5.0","com.unity.ml-agents_version":"1.9.1-preview","scene_name":"makeMaps","end_time_seconds":"1631623010"}}