{"count":1,"self":3264.693248,"total":5674.8537415,"children":{"InitializeActuators":{"count":15,"self":0.0039891,"total":0.0039891,"children":null},"InitializeSensors":{"count":15,"self":0.0029546,"total":0.0029546,"children":null},"AgentSendState":{"count":1665367,"self":22.429368,"total":487.8725086,"children":{"CollectObservations":{"count":1249035,"self":387.2095488,"total":387.20954969999997,"children":null},"WriteActionMask":{"count":1249035,"self":3.0273885999999997,"total":3.0273885999999997,"children":null},"RequestDecision":{"count":1249035,"self":9.6601264,"total":75.2062017,"children":{"AgentInfo.ToProto":{"count":1249035,"self":8.1404672,"total":65.5460756,"children":{"GenerateSensorData":{"count":1249035,"self":57.405606399999996,"total":57.405608799999996,"children":null}}}}}}},"DecideAction":{"count":1665367,"self":1905.6658432,"total":1905.6658962,"children":null},"AgentAct":{"count":1665367,"self":16.0586704,"total":16.3044534,"children":{"AgentInfo.ToProto":{"count":3293,"self":0.041793699999999996,"total":0.2457835,"children":{"GenerateSensorData":{"count":3293,"self":0.2039898,"total":0.2039898,"children":null}}}}},"AgentInfo.ToProto":{"count":4130,"self":0.072564099999999992,"total":0.3087332,"children":{"GenerateSensorData":{"count":4130,"self":0.2361691,"total":0.2361691,"children":null}}}},"gauges":{"MazeSolver_10X10.CumulativeReward":{"count":7423,"max":299.82,"min":-176.700073,"runningAverage":194.571259,"value":-27.52,"weightedAverage":76.2733459}},"metadata":{"timer_format_version":"0.1.0","start_time_seconds":"1631338982","unity_version":"2020.3.14f1","command_line_arguments":"C:\\Program Files\\Unity\\Editor\\Unity.exe -projectpath G:\/university\/final Project\/maze\/maze -useHub -hubIPC -cloudEnvironment production -hubSessionId f9788580-127d-11ec-8c42-d777bc8b92be","communication_protocol_version":"1.5.0","com.unity.ml-agents_version":"1.9.1-preview","scene_name":"SampleScene 1","end_time_seconds":"1631344657"}}