{"count":1,"self":42.56632,"total":42.9109166,"children":{"InitializeActuators":{"count":18,"self":0.0039930999999999994,"total":0.0039930999999999994,"children":null},"InitializeSensors":{"count":18,"self":0.0019974999999999997,"total":0.0019974999999999997,"children":null},"AgentSendState":{"count":1840,"self":0.0368341,"total":0.13268249999999998,"children":{"CollectObservations":{"count":3312,"self":0.045544,"total":0.045544,"children":null},"WriteActionMask":{"count":3312,"self":0.0050234,"total":0.0050234,"children":null},"RequestDecision":{"count":3312,"self":0.045280999999999995,"total":0.045280999999999995,"children":null}}},"DecideAction":{"count":1840,"self":0.06763849999999999,"total":0.06763849999999999,"children":null},"AgentAct":{"count":1840,"self":0.13728759999999998,"total":0.13728759999999998,"children":null}},"gauges":{"MazeSolver_10X10.CumulativeReward":{"count":18,"max":250.232986,"min":-61.1999245,"runningAverage":31.0296459,"value":43.2000465,"weightedAverage":14.010417}},"metadata":{"timer_format_version":"0.1.0","start_time_seconds":"1629910280","unity_version":"2020.3.14f1","command_line_arguments":"C:\\Program Files\\Unity\\Editor\\Unity.exe -projectpath G:\/university\/final Project\/maze\/maze -useHub -hubIPC -cloudEnvironment production -hubSessionId 92577c40-05b1-11ec-973c-af655f4fc607","communication_protocol_version":"1.5.0","com.unity.ml-agents_version":"1.9.1-preview","scene_name":"SampleScene","end_time_seconds":"1629910323"}}