{"count":1,"self":7663.0786048,"total":28218.656673399997,"children":{"InitializeActuators":{"count":13,"self":0.0029909,"total":0.0029909,"children":null},"InitializeSensors":{"count":13,"self":0.0019947,"total":0.0019947,"children":null},"AgentSendState":{"count":3987367,"self":83.0270144,"total":777.6093291,"children":{"CollectObservations":{"count":8639306,"self":158.482944,"total":158.48295009999998,"children":null},"WriteActionMask":{"count":8639306,"self":16.6319552,"total":16.631955899999998,"children":null},"RequestDecision":{"count":8639306,"self":51.7647072,"total":519.4674063,"children":{"AgentInfo.ToProto":{"count":8639306,"self":48.765715199999995,"total":467.70269959999996,"children":{"GenerateSensorData":{"count":8639306,"self":418.93698559999996,"total":418.93698409999996,"children":null}}}}}}},"DecideAction":{"count":3987367,"self":19687.8123008,"total":19687.8124181,"children":null},"AgentAct":{"count":3987367,"self":88.565311999999992,"total":90.121258,"children":{"AgentInfo.ToProto":{"count":25706,"self":0.22218759999999999,"total":1.5559463999999998,"children":{"GenerateSensorData":{"count":25706,"self":1.3337588,"total":1.3337588,"children":null}}}}},"AgentInfo.ToProto":{"count":339,"self":0.0070120999999999994,"total":0.028054199999999998,"children":{"GenerateSensorData":{"count":339,"self":0.021042099999999998,"total":0.021042099999999998,"children":null}}}},"gauges":{"MazeSolver_10X10.CumulativeReward":{"count":26045,"max":299.25,"min":-676.350952,"runningAverage":-50.6991959,"value":-111.350685,"weightedAverage":-110.73114}},"metadata":{"timer_format_version":"0.1.0","start_time_seconds":"1629754686","unity_version":"2020.3.14f1","command_line_arguments":"C:\\Program Files\\Unity\\Editor\\Unity.exe -projectpath G:\/university\/final Project\/maze\/maze -useHub -hubIPC -cloudEnvironment production -hubSessionId e91b8ca0-0459-11ec-945d-258a8c61094d","communication_protocol_version":"1.5.0","com.unity.ml-agents_version":"1.9.1-preview","scene_name":"SampleScene","end_time_seconds":"1629782905"}}