{"count":1,"self":2672.0587775999998,"total":2696.1578082,"children":{"InitializeActuators":{"count":13,"self":0.0030042999999999997,"total":0.0030042999999999997,"children":null},"InitializeSensors":{"count":13,"self":0.0010015,"total":0.0010015,"children":null},"AgentSendState":{"count":131348,"self":4.4418064,"total":18.541661599999998,"children":{"CollectObservations":{"count":426881,"self":7.1540279999999994,"total":7.1540282,"children":null},"WriteActionMask":{"count":426881,"self":0.88237919999999992,"total":0.88237919999999992,"children":null},"RequestDecision":{"count":426881,"self":6.0634479999999993,"total":6.0634479,"children":null}}},"DecideAction":{"count":131348,"self":4.7520088,"total":4.7520088,"children":null},"AgentAct":{"count":131348,"self":0.79847819999999992,"total":0.79847819999999992,"children":null}},"gauges":{"MazeSolver_10X10.CumulativeReward":{"count":845,"max":-2512.498,"min":-2512.498,"runningAverage":-2512.498,"value":-2512.498,"weightedAverage":-2512.498}},"metadata":{"timer_format_version":"0.1.0","start_time_seconds":"1629713057","unity_version":"2020.3.14f1","command_line_arguments":"C:\\Program Files\\Unity\\Editor\\Unity.exe -projectpath G:\/university\/final Project\/maze\/maze -useHub -hubIPC -cloudEnvironment production -hubSessionId 8e12c6b0-038d-11ec-b100-d5c08c8171d7","communication_protocol_version":"1.5.0","com.unity.ml-agents_version":"1.9.1-preview","scene_name":"SampleScene","end_time_seconds":"1629715753"}}