{"count":1,"self":18092.6169088,"total":29567.4461971,"children":{"InitializeActuators":{"count":18,"self":0.0039599,"total":0.0039599,"children":null},"InitializeSensors":{"count":18,"self":0.0029835,"total":0.0029835,"children":null},"AgentSendState":{"count":8518018,"self":96.778476799999993,"total":642.0160379,"children":{"CollectObservations":{"count":7666218,"self":133.96192,"total":133.9619162,"children":null},"WriteActionMask":{"count":7666218,"self":15.316032,"total":15.316032799999999,"children":null},"RequestDecision":{"count":7666218,"self":44.8445824,"total":395.95961259999996,"children":{"AgentInfo.ToProto":{"count":7666218,"self":40.824816,"total":351.11502859999996,"children":{"GenerateSensorData":{"count":7666218,"self":310.2902016,"total":310.2902132,"children":null}}}}}}},"DecideAction":{"count":8518018,"self":10702.210662399999,"total":10702.210738,"children":null},"AgentAct":{"count":8518018,"self":126.4470784,"total":129.4802023,"children":{"AgentInfo.ToProto":{"count":47028,"self":0.4657478,"total":3.0331240999999998,"children":{"GenerateSensorData":{"count":47028,"self":2.5673763999999997,"total":2.5673763,"children":null}}}}},"AgentInfo.ToProto":{"count":15776,"self":0.2003258,"total":1.1126586,"children":{"GenerateSensorData":{"count":15776,"self":0.91233279999999994,"total":0.91233279999999994,"children":null}}}},"gauges":{"MazeSolver_10X10.CumulativeReward":{"count":62804,"max":299.958344,"min":-358.099518,"runningAverage":126.467735,"value":149.30011,"weightedAverage":143.096985}},"metadata":{"timer_format_version":"0.1.0","start_time_seconds":"1630187670","unity_version":"2020.3.14f1","command_line_arguments":"C:\\Program Files\\Unity\\Editor\\Unity.exe -projectpath G:\/university\/final Project\/maze\/maze -useHub -hubIPC -cloudEnvironment production -hubSessionId b9e0cb20-0847-11ec-b094-f35919663e9a","communication_protocol_version":"1.5.0","com.unity.ml-agents_version":"1.9.1-preview","scene_name":"SampleScene","end_time_seconds":"1630217237"}}