{"count":1,"self":10841.918668799999,"total":17307.5557978,"children":{"InitializeActuators":{"count":12,"self":0.0029920999999999997,"total":0.0029920999999999997,"children":null},"InitializeSensors":{"count":12,"self":0.0029923999999999997,"total":0.0029923999999999997,"children":null},"AgentSendState":{"count":4778517,"self":53.6172992,"total":1142.8356563,"children":{"CollectObservations":{"count":2867112,"self":886.72686079999994,"total":886.72688399999993,"children":null},"WriteActionMask":{"count":2867112,"self":7.5753512,"total":7.5753508999999992,"children":null},"RequestDecision":{"count":2867112,"self":21.963064,"total":194.91612379999998,"children":{"AgentInfo.ToProto":{"count":2867112,"self":18.8919648,"total":172.9530598,"children":{"GenerateSensorData":{"count":2867112,"self":154.0610944,"total":154.0610944,"children":null}}}}}}},"DecideAction":{"count":4778517,"self":5258.4128512,"total":5258.4127365999993,"children":null},"AgentAct":{"count":4778517,"self":58.6788672,"total":59.249234599999994,"children":{"AgentInfo.ToProto":{"count":7387,"self":0.11014969999999999,"total":0.5703689,"children":{"GenerateSensorData":{"count":7387,"self":0.4602192,"total":0.4602192,"children":null}}}}},"AgentInfo.ToProto":{"count":72733,"self":0.9559768,"total":5.1313153,"children":{"GenerateSensorData":{"count":72733,"self":4.1753384,"total":4.1753385,"children":null}}}},"gauges":{"MazeSolver_10X10.CumulativeReward":{"count":80120,"max":298.8,"min":-387.799438,"runningAverage":270.9097,"value":297.599976,"weightedAverage":274.8545}},"metadata":{"timer_format_version":"0.1.0","start_time_seconds":"1631624403","unity_version":"2020.3.14f1","command_line_arguments":"C:\\Program Files\\Unity\\Editor\\Unity.exe -projectpath G:\/university\/final Project\/maze\/maze -useHub -hubIPC -cloudEnvironment production -hubSessionId 0efa9c80-145a-11ec-b16d-0d4e4f04787f","communication_protocol_version":"1.5.0","com.unity.ml-agents_version":"1.9.1-preview","scene_name":"Solver","end_time_seconds":"1631641710"}}