{"count":1,"self":4791.4991616,"total":7485.561868,"children":{"InitializeActuators":{"count":24,"self":0.0039895999999999994,"total":0.0039895999999999994,"children":null},"InitializeSensors":{"count":24,"self":0.0039864,"total":0.0039864,"children":null},"AgentInfo.ToProto":{"count":512,"self":0.0070608999999999993,"total":0.0393106,"children":{"GenerateSensorData":{"count":512,"self":0.0322497,"total":0.0322497,"children":null}}},"AgentSendState":{"count":4410401,"self":23.3000304,"total":62.5162729,"children":{"CollectObservations":{"count":439245,"self":9.9405624,"total":9.9405621999999987,"children":null},"WriteActionMask":{"count":439245,"self":1.2794269,"total":1.2794269,"children":null},"RequestDecision":{"count":439245,"self":3.5105739999999996,"total":27.996254099999998,"children":{"AgentInfo.ToProto":{"count":439245,"self":3.3565167999999996,"total":24.48568,"children":{"GenerateSensorData":{"count":439245,"self":21.1291632,"total":21.1291634,"children":null}}}}}}},"DecideAction":{"count":4410401,"self":2593.4436352,"total":2593.4436751,"children":null},"AgentAct":{"count":4410401,"self":37.9996576,"total":38.053576,"children":{"AgentInfo.ToProto":{"count":878,"self":0.0069892999999999995,"total":0.053917799999999995,"children":{"GenerateSensorData":{"count":878,"self":0.0469285,"total":0.0469285,"children":null}}}}}},"gauges":{"MazeSolver_10X10.CumulativeReward":{"count":1367,"max":291.5999,"min":-1028.29724,"runningAverage":17.70598,"value":83.99992,"weightedAverage":-2.00323153}},"metadata":{"timer_format_version":"0.1.0","start_time_seconds":"1632045405","unity_version":"2020.3.14f1","command_line_arguments":"C:\\Program Files\\Unity\\Editor\\Unity.exe -projectpath G:\/university\/final Project\/maze\/maze -useHub -hubIPC -cloudEnvironment production -hubSessionId 9e7236f0-190c-11ec-8051-57a2b047b16f","communication_protocol_version":"1.5.0","com.unity.ml-agents_version":"1.9.1-preview","scene_name":"SolverTrain","end_time_seconds":"1632052890"}}